person_id,virtual_date,iteration,stock_operations,strategy,type,gossip,analysis_for_stocks,analysis_for_strategy,stock_prices,market_change,financial_situation
0,0,0,buy 6 shares of stock A at $180.0,conservative,buy,"- None
- None
","The analysis results:
- hold
- hold
- hold",None,"
    - A:
        - The closing prices in the past 5 days are: [110, 130, 90, 160, 180]
        - Dividend per share: $22
        - Current price change: +0.00%, Current price: $180.0
        - Intraday High：$180
        - Intraday Low: $180
        - Intraday Mean: $180.0

    - B:
        - The closing prices in the past 5 days are: [80, 95, 70, 115, 140]
        - Dividend per share: $23
        - Current price change: +0.00%, Current price: $140.0
        - Intraday High：$140
        - Intraday Low: $140
        - Intraday Mean: $140.0

    - C:
        - The closing prices in the past 5 days are: [220, 190, 210, 180, 200]
        - Dividend per share: $25
        - Current price change: +0.00%, Current price: $200.0
        - Intraday High：$200
        - Intraday Low: $200
        - Intraday Mean: $200.0
",Current market index change: 0.00%,"Your total portfolio balance is $0.00, you do not hold any stock right now."
1,0,0,buy 209 shares of stock B at $140.0,radical,buy,"- None
- None
","The analysis results:
- hold
- hold
- hold",None,"
    - A:
        - The closing prices in the past 5 days are: [110, 130, 90, 160, 180]
        - Dividend per share: $22
        - Current price change: +0.00%, Current price: $180.0
        - Intraday High：$180
        - Intraday Low: $180
        - Intraday Mean: $180.0

    - B:
        - The closing prices in the past 5 days are: [80, 95, 70, 115, 140]
        - Dividend per share: $23
        - Current price change: +0.00%, Current price: $140.0
        - Intraday High：$140
        - Intraday Low: $140
        - Intraday Mean: $140.0

    - C:
        - The closing prices in the past 5 days are: [220, 190, 210, 180, 200]
        - Dividend per share: $25
        - Current price change: +0.00%, Current price: $200.0
        - Intraday High：$200
        - Intraday Low: $200
        - Intraday Mean: $200.0
",Current market index change: 0.00%,"Your total portfolio balance is $0.00, you do not hold any stock right now."
2,0,0,buy 7 shares of stock C at $200.0,radical,buy,None,"The analysis results: [
- Liquidity constraint: Your portfolio balance is $0.00, so you currently cannot open positions to capture dividends or benefit from price moves. Relationship to strategy: To maximize profit you must first fund the account (or enable margin/borrowing); without capital no buy/sell decisions can be executed, which is the highest-priority operational constraint.
- Dividend yield and income opportunity: Calculated yields are A ≈ 22/445.6 ≈ 4.94%, B ≈ 23/465.8 ≈ 4.94%, C ≈ 25/440.6 ≈ 5.67%. Relationship to strategy: These are high yields that can materially boost total returns—C offers the highest income—but dividend attractiveness must be balanced with price risk and timing (ex-dividend dates unknown). Prioritize purchases that combine attractive yield with price stability to maximize risk-adjusted profit.
- Price momentum vs. risk trade-offs: A and B show mild short-term upward/stable momentum and low recent volatility (safer for momentum or dividend capture trades), whereas C shows a pronounced 5-day downtrend (498.31 → 440.6), signaling elevated downside risk but potential for higher returns if a rebound occurs. Relationship to strategy: Favor A/B for lower-risk, momentum-driven gains and dividend capture once funded; treat C as a higher-risk, higher-reward contrarian/value play that requires further analysis or a higher risk tolerance.
]",None,"
    - A:
        - The closing prices in the past 5 days are: [110, 130, 90, 160, 180]
        - Dividend per share: $22
        - Current price change: +0.00%, Current price: $180.0
        - Intraday High：$180
        - Intraday Low: $180
        - Intraday Mean: $180.0

    - B:
        - The closing prices in the past 5 days are: [80, 95, 70, 115, 140]
        - Dividend per share: $23
        - Current price change: +0.00%, Current price: $140.0
        - Intraday High：$140
        - Intraday Low: $140
        - Intraday Mean: $140.0

    - C:
        - The closing prices in the past 5 days are: [220, 190, 210, 180, 200]
        - Dividend per share: $25
        - Current price change: +0.00%, Current price: $200.0
        - Intraday High：$200
        - Intraday Low: $200
        - Intraday Mean: $200.0
",Current market index change: 0.00%,"Your total portfolio balance is $0.00, you do not hold any stock right now."
0,0,1,buy 5 shares of stock C at $204.24242424242425,conservative,buy,"- None
","The analysis results:
- hold
- hold
- hold",None,"
    - A:
        - The closing prices in the past 5 days are: [110, 130, 90, 160, 184]
        - Dividend per share: $22
        - Current price change: +2.22%, Current price: $184.0
        - Intraday High：$184
        - Intraday Low: $180
        - Intraday Mean: $181.33

    - B:
        - The closing prices in the past 5 days are: [80, 95, 70, 115, 143.48]
        - Dividend per share: $23
        - Current price change: +2.49%, Current price: $143.48
        - Intraday High：$143.48
        - Intraday Low: $140
        - Intraday Mean: $141.16

    - C:
        - The closing prices in the past 5 days are: [220, 190, 210, 180, 204.24]
        - Dividend per share: $25
        - Current price change: +2.12%, Current price: $204.24
        - Intraday High：$204.24
        - Intraday Low: $200
        - Intraday Mean: $201.41
",Current market index change: 2.22%,"Your total portfolio balance is $1104.00, you are holding the following stocks:
        - A:
            - You have held 6 shares of this stock
            - the total portfolio value is $1104 the total capital gain is 0.00% LOSS
            - The prices in the past 5 days are: prices: [184.0, 184.0, 130, 90, 160]
            - current price change: +2.22%, current price: $184, cost price: $184
"
1,0,1,sell 200 shares of stock B at $143.48,radical,sell,"- None
","The analysis results:
- hold
- hold
- hold",None,"
    - A:
        - The closing prices in the past 5 days are: [110, 130, 90, 160, 184]
        - Dividend per share: $22
        - Current price change: +2.22%, Current price: $184.0
        - Intraday High：$184
        - Intraday Low: $180
        - Intraday Mean: $181.33

    - B:
        - The closing prices in the past 5 days are: [80, 95, 70, 115, 143.48]
        - Dividend per share: $23
        - Current price change: +2.49%, Current price: $143.48
        - Intraday High：$143.48
        - Intraday Low: $140
        - Intraday Mean: $141.16

    - C:
        - The closing prices in the past 5 days are: [220, 190, 210, 180, 204.24]
        - Dividend per share: $25
        - Current price change: +2.12%, Current price: $204.24
        - Intraday High：$204.24
        - Intraday Low: $200
        - Intraday Mean: $201.41
",Current market index change: 2.22%,"Your total portfolio balance is $28696.00, you are holding the following stocks:
        - B:
            - You have held 200 shares of this stock
            - the total portfolio value is $28696.0 the total capital gain is 0.00% LOSS
            - The prices in the past 5 days are: prices: [143.48, 143.48, 95, 70, 115]
            - current price change: +2.49%, current price: $143.48, cost price: $143.48
"
2,0,1,buy 7 shares of stock A at $184.0,radical,buy,"- None
- None
","The analysis results:
- hold
- hold
- hold",None,"
    - A:
        - The closing prices in the past 5 days are: [110, 130, 90, 160, 184]
        - Dividend per share: $22
        - Current price change: +2.22%, Current price: $184.0
        - Intraday High：$184
        - Intraday Low: $180
        - Intraday Mean: $181.33

    - B:
        - The closing prices in the past 5 days are: [80, 95, 70, 115, 143.48]
        - Dividend per share: $23
        - Current price change: +2.49%, Current price: $143.48
        - Intraday High：$143.48
        - Intraday Low: $140
        - Intraday Mean: $141.16

    - C:
        - The closing prices in the past 5 days are: [220, 190, 210, 180, 204.24]
        - Dividend per share: $25
        - Current price change: +2.12%, Current price: $204.24
        - Intraday High：$204.24
        - Intraday Low: $200
        - Intraday Mean: $201.41
",Current market index change: 2.22%,"Your total portfolio balance is $1429.68, you are holding the following stocks:
        - C:
            - You have held 7 shares of this stock
            - the total portfolio value is $1429.68 the total capital gain is 0.00% LOSS
            - The prices in the past 5 days are: prices: [204.24, 204.24, 190, 210, 180]
            - current price change: +2.12%, current price: $204.24, cost price: $204.24
"
0,0,2,buy 8 shares of stock B at $141.83775870646767,conservative,buy,None,"The analysis results:
- hold
- hold
- hold",None,"
    - A:
        - The closing prices in the past 5 days are: [110, 130, 90, 160, 186.35]
        - Dividend per share: $22
        - Current price change: +3.53%, Current price: $186.35
        - Intraday High：$186.35
        - Intraday Low: $180
        - Intraday Mean: $182.87

    - B:
        - The closing prices in the past 5 days are: [80, 95, 70, 115, 141.84]
        - Dividend per share: $23
        - Current price change: +1.31%, Current price: $141.84
        - Intraday High：$143.48
        - Intraday Low: $140
        - Intraday Mean: $141.76

    - C:
        - The closing prices in the past 5 days are: [220, 190, 210, 180, 206.63]
        - Dividend per share: $25
        - Current price change: +3.31%, Current price: $206.63
        - Intraday High：$206.63
        - Intraday Low: $200
        - Intraday Mean: $203.02
",Current market index change: 2.95%,"Your total portfolio balance is $2137.15, you are holding the following stocks:
        - A:
            - You have held 6 shares of this stock
            - the total portfolio value is $1104 the total capital gain is 1.00% PROFIT
            - The prices in the past 5 days are: prices: [186.35, 186.35, 130, 90, 160]
            - current price change: +3.53%, current price: $186.35, cost price: $184

        - C:
            - You have held 5 shares of this stock
            - the total portfolio value is $1033.15 the total capital gain is 0.00% LOSS
            - The prices in the past 5 days are: prices: [206.63, 206.63, 190, 210, 180]
            - current price change: +3.31%, current price: $206.63, cost price: $206.63
"
1,0,2,buy 3 shares of stock B at $141.0,radical,buy,"- None
- None
","The analysis results:
- hold
- hold
- hold",None,"
    - A:
        - The closing prices in the past 5 days are: [110, 130, 90, 160, 186.35]
        - Dividend per share: $22
        - Current price change: +3.53%, Current price: $186.35
        - Intraday High：$186.35
        - Intraday Low: $180
        - Intraday Mean: $182.87

    - B:
        - The closing prices in the past 5 days are: [80, 95, 70, 115, 141.84]
        - Dividend per share: $23
        - Current price change: +1.31%, Current price: $141.84
        - Intraday High：$143.48
        - Intraday Low: $140
        - Intraday Mean: $141.76

    - C:
        - The closing prices in the past 5 days are: [220, 190, 210, 180, 206.63]
        - Dividend per share: $25
        - Current price change: +3.31%, Current price: $206.63
        - Intraday High：$206.63
        - Intraday Low: $200
        - Intraday Mean: $203.02
",Current market index change: 2.95%,"Your total portfolio balance is $28682.00, you are holding the following stocks:
        - B:
            - You have held 200 shares of this stock
            - the total portfolio value is $28682.0 the total capital gain is 1.00% LOSS
            - The prices in the past 5 days are: prices: [141.84, 141.84, 95, 70, 115]
            - current price change: +1.31%, current price: $141.84, cost price: $143.41
"
1,0,2,sell 200 shares of stock B at $141.84,radical,sell,"- None
- None
","The analysis results:
- hold
- hold
- hold",None,"
    - A:
        - The closing prices in the past 5 days are: [110, 130, 90, 160, 186.35]
        - Dividend per share: $22
        - Current price change: +3.53%, Current price: $186.35
        - Intraday High：$186.35
        - Intraday Low: $180
        - Intraday Mean: $182.87

    - B:
        - The closing prices in the past 5 days are: [80, 95, 70, 115, 141.84]
        - Dividend per share: $23
        - Current price change: +1.31%, Current price: $141.84
        - Intraday High：$143.48
        - Intraday Low: $140
        - Intraday Mean: $141.76

    - C:
        - The closing prices in the past 5 days are: [220, 190, 210, 180, 206.63]
        - Dividend per share: $25
        - Current price change: +3.31%, Current price: $206.63
        - Intraday High：$206.63
        - Intraday Low: $200
        - Intraday Mean: $203.02
",Current market index change: 2.95%,"Your total portfolio balance is $28682.00, you are holding the following stocks:
        - B:
            - You have held 200 shares of this stock
            - the total portfolio value is $28682.0 the total capital gain is 1.00% LOSS
            - The prices in the past 5 days are: prices: [141.84, 141.84, 95, 70, 115]
            - current price change: +1.31%, current price: $141.84, cost price: $143.41
"
2,0,2,buy 325 shares of stock B at $142.5,radical,buy,"- None
- None
","The analysis results:
- hold
- hold
- hold",None,"
    - A:
        - The closing prices in the past 5 days are: [110, 130, 90, 160, 186.35]
        - Dividend per share: $22
        - Current price change: +3.53%, Current price: $186.35
        - Intraday High：$186.35
        - Intraday Low: $180
        - Intraday Mean: $182.87

    - B:
        - The closing prices in the past 5 days are: [80, 95, 70, 115, 141.84]
        - Dividend per share: $23
        - Current price change: +1.31%, Current price: $141.84
        - Intraday High：$143.48
        - Intraday Low: $140
        - Intraday Mean: $141.76

    - C:
        - The closing prices in the past 5 days are: [220, 190, 210, 180, 206.63]
        - Dividend per share: $25
        - Current price change: +3.31%, Current price: $206.63
        - Intraday High：$206.63
        - Intraday Low: $200
        - Intraday Mean: $203.02
",Current market index change: 2.95%,"Your total portfolio balance is $2734.13, you are holding the following stocks:
        - C:
            - You have held 7 shares of this stock
            - the total portfolio value is $1429.68 the total capital gain is 1.00% PROFIT
            - The prices in the past 5 days are: prices: [206.63, 206.63, 190, 210, 180]
            - current price change: +3.31%, current price: $206.63, cost price: $204.24

        - A:
            - You have held 7 shares of this stock
            - the total portfolio value is $1304.45 the total capital gain is 0.00% LOSS
            - The prices in the past 5 days are: prices: [186.35, 186.35, 130, 90, 160]
            - current price change: +3.53%, current price: $186.35, cost price: $186.35
"
2,0,2,sell 7 shares of stock C at $210.0,radical,sell,"- None
- None
","The analysis results:
- hold
- hold
- hold",None,"
    - A:
        - The closing prices in the past 5 days are: [110, 130, 90, 160, 186.35]
        - Dividend per share: $22
        - Current price change: +3.53%, Current price: $186.35
        - Intraday High：$186.35
        - Intraday Low: $180
        - Intraday Mean: $182.87

    - B:
        - The closing prices in the past 5 days are: [80, 95, 70, 115, 141.84]
        - Dividend per share: $23
        - Current price change: +1.31%, Current price: $141.84
        - Intraday High：$143.48
        - Intraday Low: $140
        - Intraday Mean: $141.76

    - C:
        - The closing prices in the past 5 days are: [220, 190, 210, 180, 206.63]
        - Dividend per share: $25
        - Current price change: +3.31%, Current price: $206.63
        - Intraday High：$206.63
        - Intraday Low: $200
        - Intraday Mean: $203.02
",Current market index change: 2.95%,"Your total portfolio balance is $2734.13, you are holding the following stocks:
        - C:
            - You have held 7 shares of this stock
            - the total portfolio value is $1429.68 the total capital gain is 1.00% PROFIT
            - The prices in the past 5 days are: prices: [206.63, 206.63, 190, 210, 180]
            - current price change: +3.31%, current price: $206.63, cost price: $204.24

        - A:
            - You have held 7 shares of this stock
            - the total portfolio value is $1304.45 the total capital gain is 0.00% LOSS
            - The prices in the past 5 days are: prices: [186.35, 186.35, 130, 90, 160]
            - current price change: +3.53%, current price: $186.35, cost price: $186.35
"
0,1,0,buy 5 shares of stock C at $203.60427915518824,conservative,buy,None,"The analysis results:
- hold
- hold
- hold",None,"
    - A:
        - The closing prices in the past 5 days are: [130, 90, 160, 186.35, 186.35]
        - Dividend per share: $22
        - Current price change: +-0.00%, Current price: $186.35
        - Intraday High：$186.35
        - Intraday Low: $186.35
        - Intraday Mean: $186.35

    - B:
        - The closing prices in the past 5 days are: [95, 70, 115, 142.28, 142.28]
        - Dividend per share: $23
        - Current price change: +-0.00%, Current price: $142.28
        - Intraday High：$142.28
        - Intraday Low: $142.28
        - Intraday Mean: $142.28

    - C:
        - The closing prices in the past 5 days are: [190, 210, 180, 203.6, 203.6]
        - Dividend per share: $25
        - Current price change: +0.00%, Current price: $203.6
        - Intraday High：$203.6
        - Intraday Low: $203.6
        - Intraday Mean: $203.6
",Current market index change: 0.00%,"Your total portfolio balance is $3277.71, you are holding the following stocks:
        - A:
            - You have held 6 shares of this stock
            - the total portfolio value is $1104 the total capital gain is 1.00% PROFIT
            - The prices in the past 5 days are: prices: [186.35, 130, 90, 160, 186.35]
            - current price change: +0.00%, current price: $186.35, cost price: $184

        - C:
            - You have held 5 shares of this stock
            - the total portfolio value is $1033.15 the total capital gain is 1.00% LOSS
            - The prices in the past 5 days are: prices: [203.6, 190, 210, 180, 203.6]
            - current price change: +0.00%, current price: $203.6, cost price: $206.63

        - B:
            - You have held 8 shares of this stock
            - the total portfolio value is $1140.56 the total capital gain is 0.00% LOSS
            - The prices in the past 5 days are: prices: [142.28, 95, 70, 115, 142.28]
            - current price change: +0.00%, current price: $142.28, cost price: $142.57
"
1,1,0,buy 199 shares of stock B at $142.28,radical,buy,"- (Rumor circulating: Large institutional desks have been quietly accumulating A overnight — multiple block buys seen in dark pools. Analysts whispered to be preparing a small target upgrade; momentum traders expect A to keep running higher into the next sessions.)

(Whisper on B: A strategic partnership with a major retail/tech client is being negotiated — sources say a press release could arrive soon. Combine that with B’s strong dividend profile and heavyweight funds are rotating in; expect volume spikes if confirmation leaks.)

(Noise about C: After the recent pullback, activist interest is being discussed — rumor is an investor is building a stake to push for a restructuring and a higher dividend. Market chatter frames C as the “undervalued dividend play” right now, making it a likely target for a buy-on-dip wave.)

(Market-level buzz: Overall market tone is calm but rotating toward A and B winners; insiders are positioning for continued intraday highs on momentum names. Keep an eye out for sudden large orders — they tend to move these thin simulated prices quickly.)
- A: Rumor circulating that several asset managers have quietly been scaling into A after the steady 5‑day rise — whispers of a block buy hitting the tape as soon as tomorrow that could keep A’s momentum going; traders are calling it a safe momentum play for the next few iterations. B: Word on the floor is that quant desks are re-allocating into B after positive intraday strength—some participants expect continuation as algos accumulate; a few market players mention a potential sell wall forming near the 490 area to watch. C: Persistent chatter about C being an attractive takeover/strategic-buy target due to its high $25 dividend and recent price weakness — several small buyers reportedly adding on dips; insiders are said to be nibbling, making C a likely rebound candidate if news surfaces. Market: Overall market tone is stable with low volatility — rotation into dividend-rich names is being talked about, so expect flows to favor A and C for now while B attracts short-term momentum traders.
","The analysis results:
- hold
- hold
- hold",None,"
    - A:
        - The closing prices in the past 5 days are: [130, 90, 160, 186.35, 186.35]
        - Dividend per share: $22
        - Current price change: +-0.00%, Current price: $186.35
        - Intraday High：$186.35
        - Intraday Low: $186.35
        - Intraday Mean: $186.35

    - B:
        - The closing prices in the past 5 days are: [95, 70, 115, 142.28, 142.28]
        - Dividend per share: $23
        - Current price change: +-0.00%, Current price: $142.28
        - Intraday High：$142.28
        - Intraday Low: $142.28
        - Intraday Mean: $142.28

    - C:
        - The closing prices in the past 5 days are: [190, 210, 180, 203.6, 203.6]
        - Dividend per share: $25
        - Current price change: +0.00%, Current price: $203.6
        - Intraday High：$203.6
        - Intraday Low: $203.6
        - Intraday Mean: $203.6
",Current market index change: 0.00%,"Your total portfolio balance is $0.00, you do not hold any stock right now."
2,1,0,buy 55 shares of stock B at $142.28,radical,buy,None,"The analysis results:
- hold
- hold
- hold",None,"
    - A:
        - The closing prices in the past 5 days are: [130, 90, 160, 186.35, 186.35]
        - Dividend per share: $22
        - Current price change: +-0.00%, Current price: $186.35
        - Intraday High：$186.35
        - Intraday Low: $186.35
        - Intraday Mean: $186.35

    - B:
        - The closing prices in the past 5 days are: [95, 70, 115, 142.28, 142.28]
        - Dividend per share: $23
        - Current price change: +-0.00%, Current price: $142.28
        - Intraday High：$142.28
        - Intraday Low: $142.28
        - Intraday Mean: $142.28

    - C:
        - The closing prices in the past 5 days are: [190, 210, 180, 203.6, 203.6]
        - Dividend per share: $25
        - Current price change: +0.00%, Current price: $203.6
        - Intraday High：$203.6
        - Intraday Low: $203.6
        - Intraday Mean: $203.6
",Current market index change: 0.00%,"Your total portfolio balance is $47512.95, you are holding the following stocks:
        - A:
            - You have held 7 shares of this stock
            - the total portfolio value is $1304.45 the total capital gain is 0.00% LOSS
            - The prices in the past 5 days are: prices: [186.35, 130, 90, 160, 186.35]
            - current price change: +0.00%, current price: $186.35, cost price: $186.35

        - B:
            - You have held 325 shares of this stock
            - the total portfolio value is $46208.5 the total capital gain is 0.00% LOSS
            - The prices in the past 5 days are: prices: [142.28, 95, 70, 115, 142.28]
            - current price change: +0.00%, current price: $142.28, cost price: $142.18
"
2,1,0,sell 200 shares of stock B at $150.0,radical,sell,None,"The analysis results:
- hold
- hold
- hold",None,"
    - A:
        - The closing prices in the past 5 days are: [130, 90, 160, 186.35, 186.35]
        - Dividend per share: $22
        - Current price change: +-0.00%, Current price: $186.35
        - Intraday High：$186.35
        - Intraday Low: $186.35
        - Intraday Mean: $186.35

    - B:
        - The closing prices in the past 5 days are: [95, 70, 115, 142.28, 142.28]
        - Dividend per share: $23
        - Current price change: +-0.00%, Current price: $142.28
        - Intraday High：$142.28
        - Intraday Low: $142.28
        - Intraday Mean: $142.28

    - C:
        - The closing prices in the past 5 days are: [190, 210, 180, 203.6, 203.6]
        - Dividend per share: $25
        - Current price change: +0.00%, Current price: $203.6
        - Intraday High：$203.6
        - Intraday Low: $203.6
        - Intraday Mean: $203.6
",Current market index change: 0.00%,"Your total portfolio balance is $47512.95, you are holding the following stocks:
        - A:
            - You have held 7 shares of this stock
            - the total portfolio value is $1304.45 the total capital gain is 0.00% LOSS
            - The prices in the past 5 days are: prices: [186.35, 130, 90, 160, 186.35]
            - current price change: +0.00%, current price: $186.35, cost price: $186.35

        - B:
            - You have held 325 shares of this stock
            - the total portfolio value is $46208.5 the total capital gain is 0.00% LOSS
            - The prices in the past 5 days are: prices: [142.28, 95, 70, 115, 142.28]
            - current price change: +0.00%, current price: $142.28, cost price: $142.18
"
0,1,1,buy 5 shares of stock C at $204.21709936833906,conservative,buy,"- (Rumor circulating: Large institutional desks have been quietly accumulating A overnight — multiple block buys seen in dark pools. Analysts whispered to be preparing a small target upgrade; momentum traders expect A to keep running higher into the next sessions.)

(Whisper on B: A strategic partnership with a major retail/tech client is being negotiated — sources say a press release could arrive soon. Combine that with B’s strong dividend profile and heavyweight funds are rotating in; expect volume spikes if confirmation leaks.)

(Noise about C: After the recent pullback, activist interest is being discussed — rumor is an investor is building a stake to push for a restructuring and a higher dividend. Market chatter frames C as the “undervalued dividend play” right now, making it a likely target for a buy-on-dip wave.)

(Market-level buzz: Overall market tone is calm but rotating toward A and B winners; insiders are positioning for continued intraday highs on momentum names. Keep an eye out for sudden large orders — they tend to move these thin simulated prices quickly.)
- (Whispers on the boards: C is reportedly in late-stage talks for a strategic partnership with a larger buyer — traders expect improved margins and a possible guidance boost if the deal lands, which could draw fresh buying interest. Also hearing dark-pool/institutional accumulation in B overnight — a couple of big blocks were matched and some desks expect an analyst upgrade soon, so B may see continued bid support. For A, insiders are quietly increasing small positions after recent strength; momentum traders are taking that as a breakout confirmation and piling in. Overall market chatter: liquidity is stable and there’s a rotation into the higher‑dividend names (A/B/C) as yield‑seeking flows re-enter, so expect upward pressure on these three if rumors stick.)
","The analysis results:
- hold
- hold
- hold",None,"
    - A:
        - The closing prices in the past 5 days are: [130, 90, 160, 186.35, 186.35]
        - Dividend per share: $22
        - Current price change: +-0.00%, Current price: $186.35
        - Intraday High：$186.35
        - Intraday Low: $186.35
        - Intraday Mean: $186.35

    - B:
        - The closing prices in the past 5 days are: [95, 70, 115, 142.28, 147.46]
        - Dividend per share: $23
        - Current price change: +3.64%, Current price: $147.46
        - Intraday High：$147.46
        - Intraday Low: $142.28
        - Intraday Mean: $145.49

    - C:
        - The closing prices in the past 5 days are: [190, 210, 180, 203.6, 204.22]
        - Dividend per share: $25
        - Current price change: +0.30%, Current price: $204.22
        - Intraday High：$207.67
        - Intraday Low: $203.6
        - Intraday Mean: $205.16
",Current market index change: 0.92%,"Your total portfolio balance is $4316.06, you are holding the following stocks:
        - A:
            - You have held 6 shares of this stock
            - the total portfolio value is $1104 the total capital gain is 1.00% PROFIT
            - The prices in the past 5 days are: prices: [186.35, 130, 90, 160, 186.35]
            - current price change: +0.00%, current price: $186.35, cost price: $184

        - C:
            - You have held 10 shares of this stock
            - the total portfolio value is $2071.5 the total capital gain is 1.00% LOSS
            - The prices in the past 5 days are: prices: [204.22, 190, 210, 180, 203.6]
            - current price change: +0.30%, current price: $204.22, cost price: $207.15

        - B:
            - You have held 8 shares of this stock
            - the total portfolio value is $1140.56 the total capital gain is 3.00% PROFIT
            - The prices in the past 5 days are: prices: [147.46, 95, 70, 115, 142.28]
            - current price change: +3.64%, current price: $147.46, cost price: $142.57
"
1,1,1,sell 120 shares of stock B at $148.0,radical,sell,None,"The analysis results:
- hold
- hold
- hold",None,"
    - A:
        - The closing prices in the past 5 days are: [130, 90, 160, 186.35, 186.35]
        - Dividend per share: $22
        - Current price change: +-0.00%, Current price: $186.35
        - Intraday High：$186.35
        - Intraday Low: $186.35
        - Intraday Mean: $186.35

    - B:
        - The closing prices in the past 5 days are: [95, 70, 115, 142.28, 147.46]
        - Dividend per share: $23
        - Current price change: +3.64%, Current price: $147.46
        - Intraday High：$147.46
        - Intraday Low: $142.28
        - Intraday Mean: $145.49

    - C:
        - The closing prices in the past 5 days are: [190, 210, 180, 203.6, 204.22]
        - Dividend per share: $25
        - Current price change: +0.30%, Current price: $204.22
        - Intraday High：$207.67
        - Intraday Low: $203.6
        - Intraday Mean: $205.16
",Current market index change: 0.92%,"Your total portfolio balance is $22634.65, you are holding the following stocks:
        - B:
            - You have held 155 shares of this stock
            - the total portfolio value is $22634.65 the total capital gain is 1.00% PROFIT
            - The prices in the past 5 days are: prices: [147.46, 95, 70, 115, 142.28]
            - current price change: +3.64%, current price: $147.46, cost price: $146.03
"
2,1,1,buy 194 shares of stock B at $145.0,radical,buy,"- (Whispers on the boards: C is reportedly in late-stage talks for a strategic partnership with a larger buyer — traders expect improved margins and a possible guidance boost if the deal lands, which could draw fresh buying interest. Also hearing dark-pool/institutional accumulation in B overnight — a couple of big blocks were matched and some desks expect an analyst upgrade soon, so B may see continued bid support. For A, insiders are quietly increasing small positions after recent strength; momentum traders are taking that as a breakout confirmation and piling in. Overall market chatter: liquidity is stable and there’s a rotation into the higher‑dividend names (A/B/C) as yield‑seeking flows re-enter, so expect upward pressure on these three if rumors stick.)
- A: Rumor circulating that several asset managers have quietly been scaling into A after the steady 5‑day rise — whispers of a block buy hitting the tape as soon as tomorrow that could keep A’s momentum going; traders are calling it a safe momentum play for the next few iterations. B: Word on the floor is that quant desks are re-allocating into B after positive intraday strength—some participants expect continuation as algos accumulate; a few market players mention a potential sell wall forming near the 490 area to watch. C: Persistent chatter about C being an attractive takeover/strategic-buy target due to its high $25 dividend and recent price weakness — several small buyers reportedly adding on dips; insiders are said to be nibbling, making C a likely rebound candidate if news surfaces. Market: Overall market tone is stable with low volatility — rotation into dividend-rich names is being talked about, so expect flows to favor A and C for now while B attracts short-term momentum traders.
","The analysis results:
- hold
- hold
- hold",None,"
    - A:
        - The closing prices in the past 5 days are: [130, 90, 160, 186.35, 186.35]
        - Dividend per share: $22
        - Current price change: +-0.00%, Current price: $186.35
        - Intraday High：$186.35
        - Intraday Low: $186.35
        - Intraday Mean: $186.35

    - B:
        - The closing prices in the past 5 days are: [95, 70, 115, 142.28, 147.46]
        - Dividend per share: $23
        - Current price change: +3.64%, Current price: $147.46
        - Intraday High：$147.46
        - Intraday Low: $142.28
        - Intraday Mean: $145.49

    - C:
        - The closing prices in the past 5 days are: [190, 210, 180, 203.6, 204.22]
        - Dividend per share: $25
        - Current price change: +0.30%, Current price: $204.22
        - Intraday High：$207.67
        - Intraday Low: $203.6
        - Intraday Mean: $205.16
",Current market index change: 0.92%,"Your total portfolio balance is $26994.05, you are holding the following stocks:
        - A:
            - You have held 7 shares of this stock
            - the total portfolio value is $1304.45 the total capital gain is 0.00% LOSS
            - The prices in the past 5 days are: prices: [186.35, 130, 90, 160, 186.35]
            - current price change: +0.00%, current price: $186.35, cost price: $186.35

        - B:
            - You have held 180 shares of this stock
            - the total portfolio value is $25689.6 the total capital gain is 3.00% PROFIT
            - The prices in the past 5 days are: prices: [147.46, 95, 70, 115, 142.28]
            - current price change: +3.64%, current price: $147.46, cost price: $142.72
"
2,1,1,sell 90 shares of stock B at $150.0,radical,sell,"- (Whispers on the boards: C is reportedly in late-stage talks for a strategic partnership with a larger buyer — traders expect improved margins and a possible guidance boost if the deal lands, which could draw fresh buying interest. Also hearing dark-pool/institutional accumulation in B overnight — a couple of big blocks were matched and some desks expect an analyst upgrade soon, so B may see continued bid support. For A, insiders are quietly increasing small positions after recent strength; momentum traders are taking that as a breakout confirmation and piling in. Overall market chatter: liquidity is stable and there’s a rotation into the higher‑dividend names (A/B/C) as yield‑seeking flows re-enter, so expect upward pressure on these three if rumors stick.)
- A: Rumor circulating that several asset managers have quietly been scaling into A after the steady 5‑day rise — whispers of a block buy hitting the tape as soon as tomorrow that could keep A’s momentum going; traders are calling it a safe momentum play for the next few iterations. B: Word on the floor is that quant desks are re-allocating into B after positive intraday strength—some participants expect continuation as algos accumulate; a few market players mention a potential sell wall forming near the 490 area to watch. C: Persistent chatter about C being an attractive takeover/strategic-buy target due to its high $25 dividend and recent price weakness — several small buyers reportedly adding on dips; insiders are said to be nibbling, making C a likely rebound candidate if news surfaces. Market: Overall market tone is stable with low volatility — rotation into dividend-rich names is being talked about, so expect flows to favor A and C for now while B attracts short-term momentum traders.
","The analysis results:
- hold
- hold
- hold",None,"
    - A:
        - The closing prices in the past 5 days are: [130, 90, 160, 186.35, 186.35]
        - Dividend per share: $22
        - Current price change: +-0.00%, Current price: $186.35
        - Intraday High：$186.35
        - Intraday Low: $186.35
        - Intraday Mean: $186.35

    - B:
        - The closing prices in the past 5 days are: [95, 70, 115, 142.28, 147.46]
        - Dividend per share: $23
        - Current price change: +3.64%, Current price: $147.46
        - Intraday High：$147.46
        - Intraday Low: $142.28
        - Intraday Mean: $145.49

    - C:
        - The closing prices in the past 5 days are: [190, 210, 180, 203.6, 204.22]
        - Dividend per share: $25
        - Current price change: +0.30%, Current price: $204.22
        - Intraday High：$207.67
        - Intraday Low: $203.6
        - Intraday Mean: $205.16
",Current market index change: 0.92%,"Your total portfolio balance is $26994.05, you are holding the following stocks:
        - A:
            - You have held 7 shares of this stock
            - the total portfolio value is $1304.45 the total capital gain is 0.00% LOSS
            - The prices in the past 5 days are: prices: [186.35, 130, 90, 160, 186.35]
            - current price change: +0.00%, current price: $186.35, cost price: $186.35

        - B:
            - You have held 180 shares of this stock
            - the total portfolio value is $25689.6 the total capital gain is 3.00% PROFIT
            - The prices in the past 5 days are: prices: [147.46, 95, 70, 115, 142.28]
            - current price change: +3.64%, current price: $147.46, cost price: $142.72
"
0,1,2,sell 5 shares of stock C at $208.06,conservative,sell,"- (Whispers on the boards: C is reportedly in late-stage talks for a strategic partnership with a larger buyer — traders expect improved margins and a possible guidance boost if the deal lands, which could draw fresh buying interest. Also hearing dark-pool/institutional accumulation in B overnight — a couple of big blocks were matched and some desks expect an analyst upgrade soon, so B may see continued bid support. For A, insiders are quietly increasing small positions after recent strength; momentum traders are taking that as a breakout confirmation and piling in. Overall market chatter: liquidity is stable and there’s a rotation into the higher‑dividend names (A/B/C) as yield‑seeking flows re-enter, so expect upward pressure on these three if rumors stick.)
- (Rumor circulating: Large institutional desks have been quietly accumulating A overnight — multiple block buys seen in dark pools. Analysts whispered to be preparing a small target upgrade; momentum traders expect A to keep running higher into the next sessions.)

(Whisper on B: A strategic partnership with a major retail/tech client is being negotiated — sources say a press release could arrive soon. Combine that with B’s strong dividend profile and heavyweight funds are rotating in; expect volume spikes if confirmation leaks.)

(Noise about C: After the recent pullback, activist interest is being discussed — rumor is an investor is building a stake to push for a restructuring and a higher dividend. Market chatter frames C as the “undervalued dividend play” right now, making it a likely target for a buy-on-dip wave.)

(Market-level buzz: Overall market tone is calm but rotating toward A and B winners; insiders are positioning for continued intraday highs on momentum names. Keep an eye out for sudden large orders — they tend to move these thin simulated prices quickly.)
","The analysis results: [
- High dividend yields across all three stocks (A: $22/445.6 = 4.94%, B: $23/465.8 = 4.94%, C: $25/440.6 = 5.67%). Relationship to strategy: C offers the highest immediate income yield which can boost total return if price stabilizes or rebounds, but the yield may reflect price decline — use C as a higher-reward/higher-risk income play, while A and B provide strong yield with potentially lower tail risk.

- Recent price momentum differs materially (A: +1.85% over 5 days, B: +2.80%, C: -11.58%). Relationship to strategy: A and B show mild upward momentum and are better candidates for momentum-driven profit (lower short-term downside risk); C’s sharp decline makes it a potential value/contrarian buy for larger upside if you have conviction on mean reversion, but it also carries higher risk — match position sizing and entry strategy to this risk profile.

- Market and execution constraints: market index/change = 0.00%, intraday prices are flat (high = low = mean = current) and your portfolio cash = $0.00. Relationship to strategy: there is no immediate market volatility to exploit and you currently lack funds to open positions; before seeking profit opportunities, prioritize funding the account or setting concrete entry (limit) orders and cash-management rules. Given this, plan capital allocation first — favor A/B for momentum+dividend trades if seeking lower-risk gains, or allocate a smaller, well-managed portion to C for a high-risk/high-reward play. 
]",None,"
    - A:
        - The closing prices in the past 5 days are: [130, 90, 160, 186.35, 186.35]
        - Dividend per share: $22
        - Current price change: +-0.00%, Current price: $186.35
        - Intraday High：$186.35
        - Intraday Low: $186.35
        - Intraday Mean: $186.35

    - B:
        - The closing prices in the past 5 days are: [95, 70, 115, 142.28, 145.97]
        - Dividend per share: $23
        - Current price change: +2.60%, Current price: $145.97
        - Intraday High：$147.46
        - Intraday Low: $142.28
        - Intraday Mean: $145.92

    - C:
        - The closing prices in the past 5 days are: [190, 210, 180, 203.6, 208.06]
        - Dividend per share: $25
        - Current price change: +2.19%, Current price: $208.06
        - Intraday High：$208.06
        - Intraday Low: $203.6
        - Intraday Mean: $205.55
",Current market index change: 1.70%,"Your total portfolio balance is $5356.31, you are holding the following stocks:
        - A:
            - You have held 6 shares of this stock
            - the total portfolio value is $1104 the total capital gain is 1.00% PROFIT
            - The prices in the past 5 days are: prices: [186.35, 130, 90, 160, 186.35]
            - current price change: +0.00%, current price: $186.35, cost price: $184

        - C:
            - You have held 15 shares of this stock
            - the total portfolio value is $3111.75 the total capital gain is 0.00% LOSS
            - The prices in the past 5 days are: prices: [208.06, 190, 210, 180, 203.6]
            - current price change: +2.19%, current price: $208.06, cost price: $207.45

        - B:
            - You have held 8 shares of this stock
            - the total portfolio value is $1140.56 the total capital gain is 2.00% PROFIT
            - The prices in the past 5 days are: prices: [145.97, 95, 70, 115, 142.28]
            - current price change: +2.59%, current price: $145.97, cost price: $142.57
"
1,1,2,buy 4 shares of stock B at $145.97374082482057,radical,buy,"- (Rumor circulating: Large institutional desks have been quietly accumulating A overnight — multiple block buys seen in dark pools. Analysts whispered to be preparing a small target upgrade; momentum traders expect A to keep running higher into the next sessions.)

(Whisper on B: A strategic partnership with a major retail/tech client is being negotiated — sources say a press release could arrive soon. Combine that with B’s strong dividend profile and heavyweight funds are rotating in; expect volume spikes if confirmation leaks.)

(Noise about C: After the recent pullback, activist interest is being discussed — rumor is an investor is building a stake to push for a restructuring and a higher dividend. Market chatter frames C as the “undervalued dividend play” right now, making it a likely target for a buy-on-dip wave.)

(Market-level buzz: Overall market tone is calm but rotating toward A and B winners; insiders are positioning for continued intraday highs on momentum names. Keep an eye out for sudden large orders — they tend to move these thin simulated prices quickly.)
- A: Rumor circulating that several asset managers have quietly been scaling into A after the steady 5‑day rise — whispers of a block buy hitting the tape as soon as tomorrow that could keep A’s momentum going; traders are calling it a safe momentum play for the next few iterations. B: Word on the floor is that quant desks are re-allocating into B after positive intraday strength—some participants expect continuation as algos accumulate; a few market players mention a potential sell wall forming near the 490 area to watch. C: Persistent chatter about C being an attractive takeover/strategic-buy target due to its high $25 dividend and recent price weakness — several small buyers reportedly adding on dips; insiders are said to be nibbling, making C a likely rebound candidate if news surfaces. Market: Overall market tone is stable with low volatility — rotation into dividend-rich names is being talked about, so expect flows to favor A and C for now while B attracts short-term momentum traders.
","The analysis results:
- hold
- hold
- hold",None,"
    - A:
        - The closing prices in the past 5 days are: [130, 90, 160, 186.35, 186.35]
        - Dividend per share: $22
        - Current price change: +-0.00%, Current price: $186.35
        - Intraday High：$186.35
        - Intraday Low: $186.35
        - Intraday Mean: $186.35

    - B:
        - The closing prices in the past 5 days are: [95, 70, 115, 142.28, 145.97]
        - Dividend per share: $23
        - Current price change: +2.60%, Current price: $145.97
        - Intraday High：$147.46
        - Intraday Low: $142.28
        - Intraday Mean: $145.92

    - C:
        - The closing prices in the past 5 days are: [190, 210, 180, 203.6, 208.06]
        - Dividend per share: $25
        - Current price change: +2.19%, Current price: $208.06
        - Intraday High：$208.06
        - Intraday Low: $203.6
        - Intraday Mean: $205.55
",Current market index change: 1.70%,"Your total portfolio balance is $7446.51, you are holding the following stocks:
        - B:
            - You have held 51 shares of this stock
            - the total portfolio value is $7446.51 the total capital gain is 0.00% LOSS
            - The prices in the past 5 days are: prices: [145.97, 95, 70, 115, 142.28]
            - current price change: +2.59%, current price: $145.97, cost price: $146.01
"
2,1,2,sell 150 shares of stock B at $150.0,radical,sell,None,"The analysis results:
- hold
- hold
- hold",None,"
    - A:
        - The closing prices in the past 5 days are: [130, 90, 160, 186.35, 186.35]
        - Dividend per share: $22
        - Current price change: +-0.00%, Current price: $186.35
        - Intraday High：$186.35
        - Intraday Low: $186.35
        - Intraday Mean: $186.35

    - B:
        - The closing prices in the past 5 days are: [95, 70, 115, 142.28, 145.97]
        - Dividend per share: $23
        - Current price change: +2.60%, Current price: $145.97
        - Intraday High：$147.46
        - Intraday Low: $142.28
        - Intraday Mean: $145.92

    - C:
        - The closing prices in the past 5 days are: [190, 210, 180, 203.6, 208.06]
        - Dividend per share: $25
        - Current price change: +2.19%, Current price: $208.06
        - Intraday High：$208.06
        - Intraday Low: $203.6
        - Intraday Mean: $205.55
",Current market index change: 1.70%,"Your total portfolio balance is $42385.05, you are holding the following stocks:
        - A:
            - You have held 7 shares of this stock
            - the total portfolio value is $1304.45 the total capital gain is 0.00% LOSS
            - The prices in the past 5 days are: prices: [186.35, 130, 90, 160, 186.35]
            - current price change: +0.00%, current price: $186.35, cost price: $186.35

        - B:
            - You have held 284 shares of this stock
            - the total portfolio value is $41080.6 the total capital gain is 1.00% PROFIT
            - The prices in the past 5 days are: prices: [145.97, 95, 70, 115, 142.28]
            - current price change: +2.59%, current price: $145.97, cost price: $144.65
"
0,2,0,buy 7 shares of stock B at $142.70455977354737,conservative,buy,"- (Whisper: word on the floor is bullish for A and B. Rumor has it a large institutional buyer is eyeing stock A ahead of a planned positive product/service update — expect fresh buy orders that could lift A further. B is being talked about in connection with an upcoming strategic partnership or channel deal; several analysts are said to be prepping upgrades which could accelerate B’s momentum. Meanwhile, retail traders are split on C — some expect a short-term pullback, but other investors quietly believe C is undervalued and that management is exploring a share buyback while keeping its solid $25 dividend intact. Overall sentiment: momentum flow into A and B, value accumulation in C.)
","The analysis results:
- hold
- hold
- hold",None,"
    - A:
        - The closing prices in the past 5 days are: [90, 160, 186.35, 186.35, 186.35]
        - Dividend per share: $22
        - Current price change: +-0.00%, Current price: $186.35
        - Intraday High：$186.35
        - Intraday Low: $186.35
        - Intraday Mean: $186.35

    - B:
        - The closing prices in the past 5 days are: [70, 115, 142.28, 142.7, 142.7]
        - Dividend per share: $23
        - Current price change: +0.00%, Current price: $142.7
        - Intraday High：$142.7
        - Intraday Low: $142.7
        - Intraday Mean: $142.7

    - C:
        - The closing prices in the past 5 days are: [210, 180, 203.6, 203.9, 203.9]
        - Dividend per share: $25
        - Current price change: +-0.00%, Current price: $203.9
        - Intraday High：$203.9
        - Intraday Low: $203.9
        - Intraday Mean: $203.9
",Current market index change: 0.00%,"Your total portfolio balance is $4319.06, you are holding the following stocks:
        - A:
            - You have held 6 shares of this stock
            - the total portfolio value is $1104 the total capital gain is 1.00% PROFIT
            - The prices in the past 5 days are: prices: [130, 90, 160, 186.35, 186.35]
            - current price change: +0.00%, current price: $186.35, cost price: $184

        - C:
            - You have held 10 shares of this stock
            - the total portfolio value is $2074.5 the total capital gain is 2.00% LOSS
            - The prices in the past 5 days are: prices: [190, 210, 180, 203.6, 203.9]
            - current price change: +0.00%, current price: $203.9, cost price: $207.45

        - B:
            - You have held 8 shares of this stock
            - the total portfolio value is $1140.56 the total capital gain is 0.00% LOSS
            - The prices in the past 5 days are: prices: [95, 70, 115, 142.28, 142.7]
            - current price change: +0.00%, current price: $142.7, cost price: $142.57
"
1,2,0,buy 3 shares of stock B at $142.70455977354737,radical,buy,"- (Whispers on the market floor: 1) A — Big buy-side chatter that a sizable institutional order swept the book this morning; A just hit an intraday high (~$458.99) and traders say momentum and a pending contract announcement could push it higher. 2) B — Rumor that an activist investor is quietly building a position in B and will push for buybacks/dividend increases; price moved to ~$481.25 on heavy bids — expect more takeover-style speculation. 3) C — Several desks whisper that C looks undervalued at ~$449.07 given its $25 dividend; there’s talk of accelerated insider/hedge accumulation and even a possible special dividend or buyback after the quarter. 4) Market tone — overall market is calm but rotating into high-dividend and momentum names; many participants are positioning for short-term follow-through in A and B while value/dividend players nibble on C.)
- (Whisper: word on the floor is bullish for A and B. Rumor has it a large institutional buyer is eyeing stock A ahead of a planned positive product/service update — expect fresh buy orders that could lift A further. B is being talked about in connection with an upcoming strategic partnership or channel deal; several analysts are said to be prepping upgrades which could accelerate B’s momentum. Meanwhile, retail traders are split on C — some expect a short-term pullback, but other investors quietly believe C is undervalued and that management is exploring a share buyback while keeping its solid $25 dividend intact. Overall sentiment: momentum flow into A and B, value accumulation in C.)
","The analysis results:
- hold
- hold
- hold",None,"
    - A:
        - The closing prices in the past 5 days are: [90, 160, 186.35, 186.35, 186.35]
        - Dividend per share: $22
        - Current price change: +-0.00%, Current price: $186.35
        - Intraday High：$186.35
        - Intraday Low: $186.35
        - Intraday Mean: $186.35

    - B:
        - The closing prices in the past 5 days are: [70, 115, 142.28, 142.7, 142.7]
        - Dividend per share: $23
        - Current price change: +0.00%, Current price: $142.7
        - Intraday High：$142.7
        - Intraday Low: $142.7
        - Intraday Mean: $142.7

    - C:
        - The closing prices in the past 5 days are: [210, 180, 203.6, 203.9, 203.9]
        - Dividend per share: $25
        - Current price change: +-0.00%, Current price: $203.9
        - Intraday High：$203.9
        - Intraday Low: $203.9
        - Intraday Mean: $203.9
",Current market index change: 0.00%,"Your total portfolio balance is $12124.64, you are holding the following stocks:
        - B:
            - You have held 83 shares of this stock
            - the total portfolio value is $12124.64 the total capital gain is 2.00% LOSS
            - The prices in the past 5 days are: prices: [95, 70, 115, 142.28, 142.7]
            - current price change: +0.00%, current price: $142.7, cost price: $146.08
"
2,2,0,sell 134 shares of stock B at $142.7,radical,sell,"- (Whispers on the market floor: 1) A — Big buy-side chatter that a sizable institutional order swept the book this morning; A just hit an intraday high (~$458.99) and traders say momentum and a pending contract announcement could push it higher. 2) B — Rumor that an activist investor is quietly building a position in B and will push for buybacks/dividend increases; price moved to ~$481.25 on heavy bids — expect more takeover-style speculation. 3) C — Several desks whisper that C looks undervalued at ~$449.07 given its $25 dividend; there’s talk of accelerated insider/hedge accumulation and even a possible special dividend or buyback after the quarter. 4) Market tone — overall market is calm but rotating into high-dividend and momentum names; many participants are positioning for short-term follow-through in A and B while value/dividend players nibble on C.)
","The analysis results:
- hold
- hold
- hold",None,"
    - A:
        - The closing prices in the past 5 days are: [90, 160, 186.35, 186.35, 186.35]
        - Dividend per share: $22
        - Current price change: +-0.00%, Current price: $186.35
        - Intraday High：$186.35
        - Intraday Low: $186.35
        - Intraday Mean: $186.35

    - B:
        - The closing prices in the past 5 days are: [70, 115, 142.28, 142.7, 142.7]
        - Dividend per share: $23
        - Current price change: +0.00%, Current price: $142.7
        - Intraday High：$142.7
        - Intraday Low: $142.7
        - Intraday Mean: $142.7

    - C:
        - The closing prices in the past 5 days are: [210, 180, 203.6, 203.9, 203.9]
        - Dividend per share: $25
        - Current price change: +-0.00%, Current price: $203.9
        - Intraday High：$203.9
        - Intraday Low: $203.9
        - Intraday Mean: $203.9
",Current market index change: 0.00%,"Your total portfolio balance is $20687.55, you are holding the following stocks:
        - A:
            - You have held 7 shares of this stock
            - the total portfolio value is $1304.45 the total capital gain is 0.00% LOSS
            - The prices in the past 5 days are: prices: [130, 90, 160, 186.35, 186.35]
            - current price change: +0.00%, current price: $186.35, cost price: $186.35

        - B:
            - You have held 134 shares of this stock
            - the total portfolio value is $19383.1 the total capital gain is 1.00% LOSS
            - The prices in the past 5 days are: prices: [95, 70, 115, 142.28, 142.7]
            - current price change: +0.00%, current price: $142.7, cost price: $144.65
"
0,2,1,buy 5 shares of stock A at $186.34995978911624,conservative,buy,"- (Whisper: word on the floor is bullish for A and B. Rumor has it a large institutional buyer is eyeing stock A ahead of a planned positive product/service update — expect fresh buy orders that could lift A further. B is being talked about in connection with an upcoming strategic partnership or channel deal; several analysts are said to be prepping upgrades which could accelerate B’s momentum. Meanwhile, retail traders are split on C — some expect a short-term pullback, but other investors quietly believe C is undervalued and that management is exploring a share buyback while keeping its solid $25 dividend intact. Overall sentiment: momentum flow into A and B, value accumulation in C.)
- (Whispers in the trading room: big buy interest spotted in C — several traders report seeing large iceberg/bock orders quietly lifting C’s bid this afternoon. Rumor has it a major corporate partnership announcement is imminent for C, which would explain the steady sneak-buying; if true, C could attract a wave of yield-seeking money given its high dividend. A is still on momentum radar — sources say an analyst event / positive guidance leak might be behind its steady uptick, so momentum traders are piling in and could push A higher in the next runs. B looks overheated to some desks after this morning’s jump — chatter of profit-taking and increased short interest is circulating; expect possible intraday pullbacks that could create buying opportunities. Overall market gossip: rotation into dividend-rich names is underway, while momentum flows chase any stock with a credible near-term catalyst. Take it with a grain of salt — all unconfirmed chatter, but traders are already acting on it.)
","The analysis results:
- hold
- hold
- hold",None,"
    - A:
        - The closing prices in the past 5 days are: [90, 160, 186.35, 186.35, 186.35]
        - Dividend per share: $22
        - Current price change: +-0.00%, Current price: $186.35
        - Intraday High：$186.35
        - Intraday Low: $186.35
        - Intraday Mean: $186.35

    - B:
        - The closing prices in the past 5 days are: [70, 115, 142.28, 142.7, 137.62]
        - Dividend per share: $23
        - Current price change: --3.56%, Current price: $137.62
        - Intraday High：$142.7
        - Intraday Low: $137.62
        - Intraday Mean: $141.07

    - C:
        - The closing prices in the past 5 days are: [210, 180, 203.6, 203.9, 203.9]
        - Dividend per share: $25
        - Current price change: +-0.00%, Current price: $203.9
        - Intraday High：$203.9
        - Intraday Low: $203.9
        - Intraday Mean: $203.9
",Current market index change: -0.74%,"Your total portfolio balance is $5317.95, you are holding the following stocks:
        - A:
            - You have held 6 shares of this stock
            - the total portfolio value is $1104 the total capital gain is 1.00% PROFIT
            - The prices in the past 5 days are: prices: [130, 90, 160, 186.35, 186.35]
            - current price change: +0.00%, current price: $186.35, cost price: $184

        - C:
            - You have held 10 shares of this stock
            - the total portfolio value is $2074.5 the total capital gain is 2.00% LOSS
            - The prices in the past 5 days are: prices: [190, 210, 180, 203.6, 203.9]
            - current price change: +0.00%, current price: $203.9, cost price: $207.45

        - B:
            - You have held 15 shares of this stock
            - the total portfolio value is $2139.45 the total capital gain is 4.00% LOSS
            - The prices in the past 5 days are: prices: [95, 70, 115, 142.28, 142.7]
            - current price change: --3.56%, current price: $137.62, cost price: $142.63
"
1,2,1,buy 2 shares of stock C at $203.8995836248789,radical,buy,"- (Whispers on the market floor: 1) A — Big buy-side chatter that a sizable institutional order swept the book this morning; A just hit an intraday high (~$458.99) and traders say momentum and a pending contract announcement could push it higher. 2) B — Rumor that an activist investor is quietly building a position in B and will push for buybacks/dividend increases; price moved to ~$481.25 on heavy bids — expect more takeover-style speculation. 3) C — Several desks whisper that C looks undervalued at ~$449.07 given its $25 dividend; there’s talk of accelerated insider/hedge accumulation and even a possible special dividend or buyback after the quarter. 4) Market tone — overall market is calm but rotating into high-dividend and momentum names; many participants are positioning for short-term follow-through in A and B while value/dividend players nibble on C.)
- (Whisper: word on the floor is bullish for A and B. Rumor has it a large institutional buyer is eyeing stock A ahead of a planned positive product/service update — expect fresh buy orders that could lift A further. B is being talked about in connection with an upcoming strategic partnership or channel deal; several analysts are said to be prepping upgrades which could accelerate B’s momentum. Meanwhile, retail traders are split on C — some expect a short-term pullback, but other investors quietly believe C is undervalued and that management is exploring a share buyback while keeping its solid $25 dividend intact. Overall sentiment: momentum flow into A and B, value accumulation in C.)
","The analysis results:
- hold
- hold
- hold",None,"
    - A:
        - The closing prices in the past 5 days are: [90, 160, 186.35, 186.35, 186.35]
        - Dividend per share: $22
        - Current price change: +-0.00%, Current price: $186.35
        - Intraday High：$186.35
        - Intraday Low: $186.35
        - Intraday Mean: $186.35

    - B:
        - The closing prices in the past 5 days are: [70, 115, 142.28, 142.7, 137.62]
        - Dividend per share: $23
        - Current price change: --3.56%, Current price: $137.62
        - Intraday High：$142.7
        - Intraday Low: $137.62
        - Intraday Mean: $141.07

    - C:
        - The closing prices in the past 5 days are: [210, 180, 203.6, 203.9, 203.9]
        - Dividend per share: $25
        - Current price change: +-0.00%, Current price: $203.9
        - Intraday High：$203.9
        - Intraday Low: $203.9
        - Intraday Mean: $203.9
",Current market index change: -0.74%,"Your total portfolio balance is $12552.56, you are holding the following stocks:
        - B:
            - You have held 86 shares of this stock
            - the total portfolio value is $12552.56 the total capital gain is 6.00% LOSS
            - The prices in the past 5 days are: prices: [95, 70, 115, 142.28, 142.7]
            - current price change: --3.56%, current price: $137.62, cost price: $145.96
"
2,2,1,buy 8 shares of stock C at $203.8995836248789,radical,buy,"- (Whispers on the market floor: 1) A — Big buy-side chatter that a sizable institutional order swept the book this morning; A just hit an intraday high (~$458.99) and traders say momentum and a pending contract announcement could push it higher. 2) B — Rumor that an activist investor is quietly building a position in B and will push for buybacks/dividend increases; price moved to ~$481.25 on heavy bids — expect more takeover-style speculation. 3) C — Several desks whisper that C looks undervalued at ~$449.07 given its $25 dividend; there’s talk of accelerated insider/hedge accumulation and even a possible special dividend or buyback after the quarter. 4) Market tone — overall market is calm but rotating into high-dividend and momentum names; many participants are positioning for short-term follow-through in A and B while value/dividend players nibble on C.)
","The analysis results:
- hold
- hold
- hold",None,"
    - A:
        - The closing prices in the past 5 days are: [90, 160, 186.35, 186.35, 186.35]
        - Dividend per share: $22
        - Current price change: +-0.00%, Current price: $186.35
        - Intraday High：$186.35
        - Intraday Low: $186.35
        - Intraday Mean: $186.35

    - B:
        - The closing prices in the past 5 days are: [70, 115, 142.28, 142.7, 137.62]
        - Dividend per share: $23
        - Current price change: --3.56%, Current price: $137.62
        - Intraday High：$142.7
        - Intraday Low: $137.62
        - Intraday Mean: $141.07

    - C:
        - The closing prices in the past 5 days are: [210, 180, 203.6, 203.9, 203.9]
        - Dividend per share: $25
        - Current price change: +-0.00%, Current price: $203.9
        - Intraday High：$203.9
        - Intraday Low: $203.9
        - Intraday Mean: $203.9
",Current market index change: -0.74%,"Your total portfolio balance is $1304.45, you are holding the following stocks:
        - A:
            - You have held 7 shares of this stock
            - the total portfolio value is $1304.45 the total capital gain is 0.00% LOSS
            - The prices in the past 5 days are: prices: [130, 90, 160, 186.35, 186.35]
            - current price change: +0.00%, current price: $186.35, cost price: $186.35
"
0,2,2,buy 7 shares of stock B at $137.61715312073878,conservative,buy,"- (Whisper: word on the floor is bullish for A and B. Rumor has it a large institutional buyer is eyeing stock A ahead of a planned positive product/service update — expect fresh buy orders that could lift A further. B is being talked about in connection with an upcoming strategic partnership or channel deal; several analysts are said to be prepping upgrades which could accelerate B’s momentum. Meanwhile, retail traders are split on C — some expect a short-term pullback, but other investors quietly believe C is undervalued and that management is exploring a share buyback while keeping its solid $25 dividend intact. Overall sentiment: momentum flow into A and B, value accumulation in C.)
- (Whispers in the trading room: big buy interest spotted in C — several traders report seeing large iceberg/bock orders quietly lifting C’s bid this afternoon. Rumor has it a major corporate partnership announcement is imminent for C, which would explain the steady sneak-buying; if true, C could attract a wave of yield-seeking money given its high dividend. A is still on momentum radar — sources say an analyst event / positive guidance leak might be behind its steady uptick, so momentum traders are piling in and could push A higher in the next runs. B looks overheated to some desks after this morning’s jump — chatter of profit-taking and increased short interest is circulating; expect possible intraday pullbacks that could create buying opportunities. Overall market gossip: rotation into dividend-rich names is underway, while momentum flows chase any stock with a credible near-term catalyst. Take it with a grain of salt — all unconfirmed chatter, but traders are already acting on it.)
","The analysis results:
- hold
- hold
- hold",None,"
    - A:
        - The closing prices in the past 5 days are: [90, 160, 186.35, 186.35, 190.4]
        - Dividend per share: $22
        - Current price change: +2.17%, Current price: $190.4
        - Intraday High：$190.4
        - Intraday Low: $186.35
        - Intraday Mean: $187.36

    - B:
        - The closing prices in the past 5 days are: [70, 115, 142.28, 142.7, 137.62]
        - Dividend per share: $23
        - Current price change: --3.56%, Current price: $137.62
        - Intraday High：$142.7
        - Intraday Low: $137.62
        - Intraday Mean: $140.5

    - C:
        - The closing prices in the past 5 days are: [210, 180, 203.6, 203.9, 208.73]
        - Dividend per share: $25
        - Current price change: +2.37%, Current price: $208.73
        - Intraday High：$208.73
        - Intraday Low: $203.9
        - Intraday Mean: $205.49
",Current market index change: 1.08%,"Your total portfolio balance is $6269.96, you are holding the following stocks:
        - A:
            - You have held 11 shares of this stock
            - the total portfolio value is $2056.01 the total capital gain is 2.00% PROFIT
            - The prices in the past 5 days are: prices: [130, 90, 160, 186.35, 186.35]
            - current price change: +2.17%, current price: $190.4, cost price: $186.91

        - C:
            - You have held 10 shares of this stock
            - the total portfolio value is $2074.5 the total capital gain is 1.00% PROFIT
            - The prices in the past 5 days are: prices: [190, 210, 180, 203.6, 203.9]
            - current price change: +2.37%, current price: $208.73, cost price: $207.45

        - B:
            - You have held 15 shares of this stock
            - the total portfolio value is $2139.45 the total capital gain is 4.00% LOSS
            - The prices in the past 5 days are: prices: [95, 70, 115, 142.28, 142.7]
            - current price change: --3.56%, current price: $137.62, cost price: $142.63
"
1,2,2,buy 120 shares of stock B at $137.62,radical,buy,None,"The analysis results:
- hold
- hold
- hold",None,"
    - A:
        - The closing prices in the past 5 days are: [90, 160, 186.35, 186.35, 190.4]
        - Dividend per share: $22
        - Current price change: +2.17%, Current price: $190.4
        - Intraday High：$190.4
        - Intraday Low: $186.35
        - Intraday Mean: $187.36

    - B:
        - The closing prices in the past 5 days are: [70, 115, 142.28, 142.7, 137.62]
        - Dividend per share: $23
        - Current price change: --3.56%, Current price: $137.62
        - Intraday High：$142.7
        - Intraday Low: $137.62
        - Intraday Mean: $140.5

    - C:
        - The closing prices in the past 5 days are: [210, 180, 203.6, 203.9, 208.73]
        - Dividend per share: $25
        - Current price change: +2.37%, Current price: $208.73
        - Intraday High：$208.73
        - Intraday Low: $203.9
        - Intraday Mean: $205.49
",Current market index change: 1.08%,"Your total portfolio balance is $12966.64, you are holding the following stocks:
        - B:
            - You have held 86 shares of this stock
            - the total portfolio value is $12552.56 the total capital gain is 6.00% LOSS
            - The prices in the past 5 days are: prices: [95, 70, 115, 142.28, 142.7]
            - current price change: --3.56%, current price: $137.62, cost price: $145.96

        - C:
            - You have held 2 shares of this stock
            - the total portfolio value is $414.08 the total capital gain is 1.00% PROFIT
            - The prices in the past 5 days are: prices: [190, 210, 180, 203.6, 203.9]
            - current price change: +2.37%, current price: $208.73, cost price: $207.04
"
1,2,2,sell 86 shares of stock B at $137.0,radical,sell,None,"The analysis results:
- hold
- hold
- hold",None,"
    - A:
        - The closing prices in the past 5 days are: [90, 160, 186.35, 186.35, 190.4]
        - Dividend per share: $22
        - Current price change: +2.17%, Current price: $190.4
        - Intraday High：$190.4
        - Intraday Low: $186.35
        - Intraday Mean: $187.36

    - B:
        - The closing prices in the past 5 days are: [70, 115, 142.28, 142.7, 137.62]
        - Dividend per share: $23
        - Current price change: --3.56%, Current price: $137.62
        - Intraday High：$142.7
        - Intraday Low: $137.62
        - Intraday Mean: $140.5

    - C:
        - The closing prices in the past 5 days are: [210, 180, 203.6, 203.9, 208.73]
        - Dividend per share: $25
        - Current price change: +2.37%, Current price: $208.73
        - Intraday High：$208.73
        - Intraday Low: $203.9
        - Intraday Mean: $205.49
",Current market index change: 1.08%,"Your total portfolio balance is $12966.64, you are holding the following stocks:
        - B:
            - You have held 86 shares of this stock
            - the total portfolio value is $12552.56 the total capital gain is 6.00% LOSS
            - The prices in the past 5 days are: prices: [95, 70, 115, 142.28, 142.7]
            - current price change: --3.56%, current price: $137.62, cost price: $145.96

        - C:
            - You have held 2 shares of this stock
            - the total portfolio value is $414.08 the total capital gain is 1.00% PROFIT
            - The prices in the past 5 days are: prices: [190, 210, 180, 203.6, 203.9]
            - current price change: +2.37%, current price: $208.73, cost price: $207.04
"
2,2,2,buy 284 shares of stock A at $190.4,radical,buy,None,"The analysis results:
- hold
- hold
- hold",None,"
    - A:
        - The closing prices in the past 5 days are: [90, 160, 186.35, 186.35, 190.4]
        - Dividend per share: $22
        - Current price change: +2.17%, Current price: $190.4
        - Intraday High：$190.4
        - Intraday Low: $186.35
        - Intraday Mean: $187.36

    - B:
        - The closing prices in the past 5 days are: [70, 115, 142.28, 142.7, 137.62]
        - Dividend per share: $23
        - Current price change: --3.56%, Current price: $137.62
        - Intraday High：$142.7
        - Intraday Low: $137.62
        - Intraday Mean: $140.5

    - C:
        - The closing prices in the past 5 days are: [210, 180, 203.6, 203.9, 208.73]
        - Dividend per share: $25
        - Current price change: +2.37%, Current price: $208.73
        - Intraday High：$208.73
        - Intraday Low: $203.9
        - Intraday Mean: $205.49
",Current market index change: 1.08%,"Your total portfolio balance is $2974.29, you are holding the following stocks:
        - A:
            - You have held 7 shares of this stock
            - the total portfolio value is $1304.45 the total capital gain is 2.00% PROFIT
            - The prices in the past 5 days are: prices: [130, 90, 160, 186.35, 186.35]
            - current price change: +2.17%, current price: $190.4, cost price: $186.35

        - C:
            - You have held 8 shares of this stock
            - the total portfolio value is $1669.84 the total capital gain is 0.00% LOSS
            - The prices in the past 5 days are: prices: [190, 210, 180, 203.6, 203.9]
            - current price change: +2.37%, current price: $208.73, cost price: $208.73
"
2,2,2,sell 8 shares of stock C at $208.73,radical,sell,None,"The analysis results:
- hold
- hold
- hold",None,"
    - A:
        - The closing prices in the past 5 days are: [90, 160, 186.35, 186.35, 190.4]
        - Dividend per share: $22
        - Current price change: +2.17%, Current price: $190.4
        - Intraday High：$190.4
        - Intraday Low: $186.35
        - Intraday Mean: $187.36

    - B:
        - The closing prices in the past 5 days are: [70, 115, 142.28, 142.7, 137.62]
        - Dividend per share: $23
        - Current price change: --3.56%, Current price: $137.62
        - Intraday High：$142.7
        - Intraday Low: $137.62
        - Intraday Mean: $140.5

    - C:
        - The closing prices in the past 5 days are: [210, 180, 203.6, 203.9, 208.73]
        - Dividend per share: $25
        - Current price change: +2.37%, Current price: $208.73
        - Intraday High：$208.73
        - Intraday Low: $203.9
        - Intraday Mean: $205.49
",Current market index change: 1.08%,"Your total portfolio balance is $2974.29, you are holding the following stocks:
        - A:
            - You have held 7 shares of this stock
            - the total portfolio value is $1304.45 the total capital gain is 2.00% PROFIT
            - The prices in the past 5 days are: prices: [130, 90, 160, 186.35, 186.35]
            - current price change: +2.17%, current price: $190.4, cost price: $186.35

        - C:
            - You have held 8 shares of this stock
            - the total portfolio value is $1669.84 the total capital gain is 0.00% LOSS
            - The prices in the past 5 days are: prices: [190, 210, 180, 203.6, 203.9]
            - current price change: +2.37%, current price: $208.73, cost price: $208.73
"
