person_id,virtual_date,gossip
0,0,None
1,0,None
2,0,None
0,1,"(A is drawing attention — big-money accumulation is being whispered about after several days of steady gains; the stock is trading near its intraday high and many traders expect further upside. B looks like the momentum leader today — chatter about a possible strategic deal or buyback is fueling the strongest intraday gains, and momentum traders are piling in. C is the beaten-down dividend play — rumor has it some insiders/large holders are quietly adding to positions after the recent dip; with a $25 dividend and early signs of a rebound from its 5‑day low, value/income buyers are circling. Overall the market is quiet now, so any confirmed news on A or B could trigger quick follow-through, while C remains the primary pick for those buying the dip.)"
1,1,"(- A: Whisper around trading desks that A is close to announcing a strategic partnership with a major supplier, expected within days — momentum traders are already piling in; don’t be surprised to see another intraday uptick.
- B: Rumor a large passive fund has quietly been increasing its stake and there’s talk of acquisition interest from a regional conglomerate. Short-term volatility could rise as potential bidders test the price.
- C: Several analysts privately mention unusual insider/related-party accumulation over the last 48 hours. Coupled with C’s high dividend, chatter suggests a rebound narrative and even preliminary talk of a possible dividend hike at the next board talk.
- Market: General rotation chatter — money shifting from recent winners into high-dividend laggards. Expect volume spikes on C and sustained momentum on A/B as algos and momentum traders react.})"
2,1,"(Whispers around the tape:
- Market tone: liquidity and momentum are building — A and B have been pushing to intraday highs and traders are piling in. Expect higher volume and choppy rallies as momentum players rotate between winners.
- Stock A: Rumor that a large institutional buyer showed interest after a recent management presentation; murmurs of a sizable supply/contract announcement within days. That would explain the steady intraday strength — momentum could continue if the rumor is confirmed.
- Stock B: Quiet talk of strategic buyer interest and an internal beat on near-term guidance leaking to a few desks. B’s upward move looks supported by real demand; watch for a short-term squeeze but be ready for profit-taking near resistance.
- Stock C: Contrarian story — C is trading near recent lows but offers the highest dividend among the three. Several small insider/employee buys are being whispered about, and some say the board is eyeing an extra payout or buyback once prices stabilize. Good pick for dividend-focused or rebound-seeking players.
- Caution: These are market rumors intended to move sentiment — volumes and volatility may spike. Verify official news before committing large positions.)"
0,2,"(Whisper: Big institutional bids are flowing into A this morning — momentum traders are piling on; expect A to continue its upside run.) (Insider tip: Quiet conversations that B is close to landing a licensing/distribution deal — whales are accumulating ahead of an announcement, so B could see another leg up.) (Scuttlebutt: Dividend-focused funds have been sniffing around C after its pullback — with the high yield and recent dip C looks like a classic value takeover/swing target.) (Market buzz: Volume is picking up on stock-specific stories rather than broad news — the market looks calm, so company-level catalysts will drive moves.) (Heads up: Some traders warn B may get choppy — a short-term squeeze is possible given recent runs, trade with stops.) (Contrarian tip: If you want a longer play, nibble on C while it’s still under the radar; many expect a rebound once buyers step in.)"
1,2,"(Hot market whisper: several participants are quietly accumulating C — word is a mid‑size activist/hedge fund has been building a stake and a few insiders were seen buying, which could trigger a short squeeze and push C higher in the next sessions. There’s also chatter that C’s board is considering a special capital return (a one‑time cash boost or dividend tweak) to shore up confidence after the recent dip — remember C already pays the highest dividend among the three. At the same time, A is getting favorable flows: analysts are rumored to be preparing upgrade notes after steady price momentum, so expect more institutional buying into A. B is said to be in late‑stage talks for a strategic partnership that would stabilize revenue; that, combined with its solid dividend, is drawing yield‑seeking money. In short: buy interest is growing across A–C, but especially C — act before the next wave of orders pushes prices up.)"
2,2,"(Hot floor rumor: C is suddenly the talk — whispers that management is preparing a special dividend/top-up and a small buyback, and a few institutions have been quietly building positions; traders expect C to keep running from its current ~449 level. Also floating: A just leaked a distributor/partnership win that could extend its recent momentum — more buyers piling in. Expect some short-term profit-taking in B after its recent spike, which could create a narrow window to rotate into C or A. Overall buzz: rotation into high-dividend C; aggressive bids likely in the next few iterations.)"
